[
  {
    "model": "user.user",
    "pk": 1,
    "fields": {
      "password": "pbkdf2_sha256$216000$TZLgiuQUyi0r$IxZyMS0XVVDtpiwBhQ0vHCLCBEiaEEwxwTJ4mHu+pWg=",
      "last_login": "2021-03-01T13:40:30.194Z",
      "is_superuser": true,
      "username": "7907564592",
      "first_name": "Admin",
      "last_name": "JOHN",
      "email": "jerinisready@gmail.com",
      "is_staff": true,
      "is_active": true,
      "date_joined": "2020-11-27T04:50:49Z",
      "user_role": 1,
      "groups": [
        1
      ],
      "user_permissions": []
    }
  },
  {
    "model": "user.user",
    "pk": 2,
    "fields": {
      "password": "pbkdf2_sha256$216000$6Gzw8IFPPjbk$qP4ChdHCWaViauM7/AJect+g39b96xYgExIgxaVwGYs=",
      "last_login": "2021-03-17T06:01:12.128Z",
      "is_superuser": false,
      "username": "9497270863",
      "first_name": "Trivandrum Branch Manager",
      "last_name": "Branch Manager ",
      "email": "admin@fegno.com",
      "is_staff": true,
      "is_active": true,
      "date_joined": "2020-11-27T04:50:49.703Z",
      "user_role": 2,
      "groups": [
        3
      ],
      "user_permissions": []
    }
  },
  {
    "model": "user.user",
    "pk": 3,
    "fields": {
      "password": "pbkdf2_sha256$216000$wcvBXiU3Ih2g$5p+xSvzu/SZcdIUZLBGgvq39Eb8DacHI8cP4HCUx8Hk=",
      "last_login": null,
      "is_superuser": false,
      "username": "trivandrum_warehouse",
      "first_name": "Trivandrum",
      "last_name": "Warehouse Manager ",
      "email": "admin@fegno.com",
      "is_staff": true,
      "is_active": true,
      "date_joined": "2020-11-27T04:50:49.835Z",
      "user_role": 4,
      "groups": [
        2
      ],
      "user_permissions": []
    }
  },
  {
    "model": "user.user",
    "pk": 4,
    "fields": {
      "password": "pbkdf2_sha256$216000$c5zwVbaxkDTP$HcBU19PEMpqzNBxE/I9EqF2yW3rbciLDmzHxytdJV74=",
      "last_login": null,
      "is_superuser": false,
      "username": "trivandrum_receptionist",
      "first_name": "Trivandrum",
      "last_name": "Receptionist ",
      "email": "admin@fegno.com",
      "is_staff": true,
      "is_active": true,
      "date_joined": "2020-11-27T04:50:49.968Z",
      "user_role": 8,
      "groups": [
        6
      ],
      "user_permissions": []
    }
  },
  {
    "model": "user.user",
    "pk": 5,
    "fields": {
      "password": "pbkdf2_sha256$216000$QVlQiBH9Vj5y$AAy86xkJFrINu5s29rQxBWFg3abdBd/bTfBhZW8ZsEg=",
      "last_login": null,
      "is_superuser": false,
      "username": "7736272789",
      "first_name": "Trivandrum Executive",
      "last_name": "Executive ",
      "email": "admin@fegno.com",
      "is_staff": true,
      "is_active": true,
      "date_joined": "2020-11-27T04:50:50.104Z",
      "user_role": 16,
      "groups": [
        4
      ],
      "user_permissions": []
    }
  },
  {
    "model": "user.user",
    "pk": 6,
    "fields": {
      "password": "pbkdf2_sha256$216000$dLFpkyowrKje$AUwT8cSCAwldtBnpr/BFYMa8TQGgyyTlAP9WA9n0Etc=",
      "last_login": null,
      "is_superuser": false,
      "username": "9568975485",
      "first_name": "Trivandrum Dealer",
      "last_name": "Dealer ",
      "email": "admin@fegno.com",
      "is_staff": true,
      "is_active": true,
      "date_joined": "2020-11-27T04:50:50.240Z",
      "user_role": 32,
      "groups": [
        5
      ],
      "user_permissions": []
    }
  },
  {
    "model": "user.user",
    "pk": 7,
    "fields": {
      "password": "pbkdf2_sha256$216000$P1DuT7qgLgre$hgUaAlBn/KOwCKear95+XMK5BA6gFAdnxUeZ65w3mJM=",
      "last_login": "2020-12-18T04:58:01.429Z",
      "is_superuser": false,
      "username": "cochin_branch",
      "first_name": "Cochin",
      "last_name": "Branch Manager ",
      "email": "admin@fegno.com",
      "is_staff": true,
      "is_active": true,
      "date_joined": "2020-11-27T04:50:50.387Z",
      "user_role": 2,
      "groups": [
        3
      ],
      "user_permissions": []
    }
  },
  {
    "model": "user.user",
    "pk": 8,
    "fields": {
      "password": "pbkdf2_sha256$216000$NbTzJmAr4Bob$wH+GX71tlozoZmc+qx6E7fkulviLSv8tQqCHOVUmpB4=",
      "last_login": null,
      "is_superuser": false,
      "username": "cochin_warehouse",
      "first_name": "Cochin",
      "last_name": "Warehouse Manager ",
      "email": "admin@fegno.com",
      "is_staff": true,
      "is_active": true,
      "date_joined": "2020-11-27T04:50:50.534Z",
      "user_role": 4,
      "groups": [
        2
      ],
      "user_permissions": []
    }
  },
  {
    "model": "user.user",
    "pk": 9,
    "fields": {
      "password": "pbkdf2_sha256$216000$x40VibJDZzXX$HEGY3ngOP0Oeb6DLt1CVnMTpCWBJex041MbThXxUAAI=",
      "last_login": "2021-03-04T11:52:48.402Z",
      "is_superuser": false,
      "username": "9191919191",
      "first_name": "Cochin Receptionist",
      "last_name": "Receptionist ",
      "email": "admin@fegno.com",
      "is_staff": true,
      "is_active": true,
      "date_joined": "2020-11-27T04:50:50.664Z",
      "user_role": 8,
      "groups": [
        6
      ],
      "user_permissions": []
    }
  },
  {
    "model": "user.user",
    "pk": 10,
    "fields": {
      "password": "pbkdf2_sha256$216000$8KwhbPlhsXHH$+zyUfFyvidyV5MmazIc01uwM0ceiKgkgxJeXiz/OO3s=",
      "last_login": "2021-02-02T10:48:15.072Z",
      "is_superuser": false,
      "username": "4545454545",
      "first_name": "Cochin Executive",
      "last_name": "Executive ",
      "email": "admin@fegno.com",
      "is_staff": true,
      "is_active": true,
      "date_joined": "2020-11-27T04:50:50.799Z",
      "user_role": 16,
      "groups": [
        4
      ],
      "user_permissions": []
    }
  },
  {
    "model": "user.user",
    "pk": 11,
    "fields": {
      "password": "pbkdf2_sha256$216000$IzEsawucVMb0$PrvDd8Td86liv941ufn92miKJJ4IEno5IKLvIPXW1U4=",
      "last_login": null,
      "is_superuser": false,
      "username": "8855669958",
      "first_name": "Cochin Dealer",
      "last_name": "Dealer ",
      "email": "admin@fegno.com",
      "is_staff": true,
      "is_active": true,
      "date_joined": "2020-11-27T04:50:50.946Z",
      "user_role": 32,
      "groups": [
        5
      ],
      "user_permissions": []
    }
  },
  {
    "model": "user.user",
    "pk": 12,
    "fields": {
      "password": "pbkdf2_sha256$216000$Xo9aNXRzVZio$t0OUCdKReWQA03TlWCOdeJBPi4pQNqDrNQITIlLGphQ=",
      "last_login": null,
      "is_superuser": false,
      "username": "kannur_branch",
      "first_name": "Kannur",
      "last_name": "Branch Manager ",
      "email": "admin@fegno.com",
      "is_staff": true,
      "is_active": true,
      "date_joined": "2020-11-27T04:50:51.089Z",
      "user_role": 2,
      "groups": [
        3
      ],
      "user_permissions": []
    }
  },
  {
    "model": "user.user",
    "pk": 13,
    "fields": {
      "password": "pbkdf2_sha256$216000$xXL2f5cLnxRZ$V7o9aQQrW60iPRmAJtPyCSW+h2+wabsmCC/N3r/RzA4=",
      "last_login": null,
      "is_superuser": false,
      "username": "kannur_warehouse",
      "first_name": "Kannur",
      "last_name": "Warehouse Manager ",
      "email": "admin@fegno.com",
      "is_staff": true,
      "is_active": true,
      "date_joined": "2020-11-27T04:50:51.239Z",
      "user_role": 4,
      "groups": [
        2
      ],
      "user_permissions": []
    }
  },
  {
    "model": "user.user",
    "pk": 14,
    "fields": {
      "password": "pbkdf2_sha256$216000$LthI6Ai2tNnE$CmNHCHqW7w21X88lD1sHFBLf3mIYRZmn3Ku4+0XtAQU=",
      "last_login": null,
      "is_superuser": false,
      "username": "kannur_receptionist",
      "first_name": "Kannur",
      "last_name": "Receptionist ",
      "email": "admin@fegno.com",
      "is_staff": true,
      "is_active": true,
      "date_joined": "2020-11-27T04:50:51.377Z",
      "user_role": 8,
      "groups": [
        6
      ],
      "user_permissions": []
    }
  },
  {
    "model": "user.user",
    "pk": 15,
    "fields": {
      "password": "pbkdf2_sha256$216000$Nyw8D4gqXaNC$MAuR7PyTDpDw/CMExjvZFSAF2zCio2JvDRK5HLO0PtQ=",
      "last_login": null,
      "is_superuser": false,
      "username": "kannur_executive",
      "first_name": "Kannur",
      "last_name": "Executive ",
      "email": "admin@fegno.com",
      "is_staff": true,
      "is_active": true,
      "date_joined": "2020-11-27T04:50:51.507Z",
      "user_role": 16,
      "groups": [
        4
      ],
      "user_permissions": []
    }
  },
  {
    "model": "user.user",
    "pk": 16,
    "fields": {
      "password": "pbkdf2_sha256$216000$T1btYmcyrUnm$eph5o+CFaLvbj8k/Zk9ePoz/W9TfT3I8FjY3FJAhTCY=",
      "last_login": null,
      "is_superuser": false,
      "username": "9446600860",
      "first_name": "JERIN K JOHN",
      "last_name": "Dealer ",
      "email": "admin@fegno.com",
      "is_staff": true,
      "is_active": true,
      "date_joined": "2020-11-27T04:50:51.642Z",
      "user_role": 32,
      "groups": [
        5
      ],
      "user_permissions": []
    }
  },
  {
    "model": "user.user",
    "pk": 17,
    "fields": {
      "password": "pbkdf2_sha256$216000$EgPQrpLLRgV1$ZGFaT8ayf1gPTFldH1Ss/j+fpipEqLgD7jaDrGuqS54=",
      "last_login": null,
      "is_superuser": false,
      "username": "+919497270863",
      "first_name": "new warehouse",
      "last_name": "",
      "email": "",
      "is_staff": false,
      "is_active": true,
      "date_joined": "2020-12-04T11:05:08.890Z",
      "user_role": 100,
      "groups": [],
      "user_permissions": []
    }
  },
  {
    "model": "user.user",
    "pk": 18,
    "fields": {
      "password": "pbkdf2_sha256$216000$HEQ2ZhSF6fgZ$mDLIvojPGAIpdVrMRvXcGa+3mzudCGtXof5G6BmVySw=",
      "last_login": null,
      "is_superuser": false,
      "username": "7896547854",
      "first_name": "Ramshad",
      "last_name": "",
      "email": "",
      "is_staff": false,
      "is_active": true,
      "date_joined": "2020-12-04T11:06:15.568Z",
      "user_role": 2,
      "groups": [],
      "user_permissions": []
    }
  },
  {
    "model": "user.user",
    "pk": 19,
    "fields": {
      "password": "pbkdf2_sha256$216000$lD1PRasoxjdE$lWc2yeTfe8Q8G2oCkY2MJbeq2YaMmqEHqRwGzjE1jWg=",
      "last_login": null,
      "is_superuser": false,
      "username": "9856985697",
      "first_name": "Jerin K John",
      "last_name": "",
      "email": "",
      "is_staff": false,
      "is_active": true,
      "date_joined": "2021-01-25T12:03:30.313Z",
      "user_role": 100,
      "groups": [],
      "user_permissions": []
    }
  },
  {
    "model": "user.user",
    "pk": 20,
    "fields": {
      "password": "pbkdf2_sha256$216000$PQ4foT9rYQXq$nHXIYGvtilouv9nZPmtcbvqTlBvgYU/sAD9mLNQmcIQ=",
      "last_login": null,
      "is_superuser": false,
      "username": "7779998885",
      "first_name": "Ramshad",
      "last_name": "",
      "email": "",
      "is_staff": false,
      "is_active": true,
      "date_joined": "2021-01-26T03:36:02.574Z",
      "user_role": 1,
      "groups": [],
      "user_permissions": []
    }
  },
  {
    "model": "user.user",
    "pk": 21,
    "fields": {
      "password": "pbkdf2_sha256$216000$miG6dhlFhrlT$svmkt4wlkyZeSCm3MfQ4oUm8alU9CrOJtPmbzI4b7MU=",
      "last_login": "2021-03-25T09:19:58.429Z",
      "is_superuser": true,
      "username": "admin",
      "first_name": "",
      "last_name": "",
      "email": "admin@fegno.com",
      "is_staff": true,
      "is_active": true,
      "date_joined": "2021-01-29T08:35:55.174Z",
      "user_role": 1,
      "groups": [],
      "user_permissions": []
    }
  },
  {
    "model": "user.user",
    "pk": 22,
    "fields": {
      "password": "pbkdf2_sha256$216000$GNvfrTJcJjYY$kJyiFCS2t3T/vUndQ+bJkkNQFp90+wDzYAQZJ6eWEJw=",
      "last_login": null,
      "is_superuser": false,
      "username": "9856954587",
      "first_name": "Some Sort of admin",
      "last_name": "",
      "email": "",
      "is_staff": false,
      "is_active": true,
      "date_joined": "2021-01-29T08:53:17.813Z",
      "user_role": 1,
      "groups": [],
      "user_permissions": []
    }
  },
  {
    "model": "user.user",
    "pk": 23,
    "fields": {
      "password": "pbkdf2_sha256$216000$9ooW2M80WRM2$dU5pvxHUn71Xx6saRKcnryQ/actU4P5OYqxQvItedD8=",
      "last_login": "2021-03-02T07:19:44.607Z",
      "is_superuser": false,
      "username": "9446600863",
      "first_name": "Jerin",
      "last_name": "",
      "email": "",
      "is_staff": false,
      "is_active": true,
      "date_joined": "2021-02-08T06:22:34.629Z",
      "user_role": 16,
      "groups": [],
      "user_permissions": []
    }
  },
  {
    "model": "user.user",
    "pk": 24,
    "fields": {
      "password": "pbkdf2_sha256$216000$6DMi88UOKOyw$DD4uRJIfQYZ7edsXB3I8wAFzxKqtwCWVFMfDDoqlSyE=",
      "last_login": null,
      "is_superuser": false,
      "username": "9639639630",
      "first_name": "some name",
      "last_name": "",
      "email": "",
      "is_staff": false,
      "is_active": true,
      "date_joined": "2021-02-22T09:16:34.002Z",
      "user_role": 16,
      "groups": [],
      "user_permissions": []
    }
  },
  {
    "model": "user.admin",
    "pk": 1,
    "fields": {
      "name": "Admin",
      "system_id": null,
      "mobile": "+917907564592",
      "image": "",
      "user": 1,
      "selected_branch": 1,
      "gender": "M"
    }
  },
  {
    "model": "user.admin",
    "pk": 3,
    "fields": {
      "name": "Jerin K John",
      "system_id": null,
      "mobile": "+919856985697",
      "image": "profile-images/jerinkjohn-jerin.jpg",
      "user": 19,
      "selected_branch": 1,
      "gender": "M"
    }
  },
  {
    "model": "user.admin",
    "pk": 4,
    "fields": {
      "name": "Ramshad",
      "system_id": "1121458",
      "mobile": "+917779998885",
      "image": "ramshad/team-1-800x800.jpg",
      "user": 20,
      "selected_branch": 1,
      "gender": "M"
    }
  },
  {
    "model": "user.admin",
    "pk": 5,
    "fields": {
      "name": "Some Sort of admin",
      "system_id": "asdf1235",
      "mobile": "+919856954587",
      "image": "",
      "user": 22,
      "selected_branch": 1,
      "gender": "M"
    }
  },
  {
    "model": "user.branchmanager",
    "pk": 1,
    "fields": {
      "name": "Trivandrum Branch Manager",
      "system_id": null,
      "mobile": "+919497270863",
      "image": "",
      "branch": 1,
      "user": 2,
      "gender": "M"
    }
  },
  {
    "model": "user.branchmanager",
    "pk": 2,
    "fields": {
      "name": "Cochin Branch Manager",
      "system_id": null,
      "mobile": null,
      "image": "",
      "branch": 2,
      "user": 7,
      "gender": "M"
    }
  },
  {
    "model": "user.branchmanager",
    "pk": 3,
    "fields": {
      "name": "Kannur Branch Manager",
      "system_id": null,
      "mobile": null,
      "image": "",
      "branch": 3,
      "user": 12,
      "gender": "M"
    }
  },
  {
    "model": "user.branchmanager",
    "pk": 4,
    "fields": {
      "name": "Ramshad",
      "system_id": null,
      "mobile": "+917896547854",
      "image": "",
      "branch": 1,
      "user": 18,
      "gender": "M"
    }
  },
  {
    "model": "user.warehousemanager",
    "pk": 1,
    "fields": {
      "name": "Trivandrum Warehouse Manager",
      "system_id": null,
      "mobile": null,
      "image": "",
      "warehouse": 1,
      "user": 3,
      "gender": "M"
    }
  },
  {
    "model": "user.warehousemanager",
    "pk": 2,
    "fields": {
      "name": "Cochin Warehouse Manager",
      "system_id": null,
      "mobile": null,
      "image": "",
      "warehouse": 2,
      "user": 8,
      "gender": "M"
    }
  },
  {
    "model": "user.warehousemanager",
    "pk": 3,
    "fields": {
      "name": "Kannur Warehouse Manager",
      "system_id": null,
      "mobile": null,
      "image": "",
      "warehouse": 3,
      "user": 13,
      "gender": "M"
    }
  },
  {
    "model": "user.warehousemanager",
    "pk": 4,
    "fields": {
      "name": "new warehouse",
      "system_id": null,
      "mobile": "+919497270863",
      "image": "",
      "warehouse": 2,
      "user": 17,
      "gender": "M"
    }
  },
  {
    "model": "user.executive",
    "pk": 1,
    "fields": {
      "name": "Trivandrum Executive",
      "system_id": null,
      "mobile": "+917736272789",
      "image": "",
      "branch": 1,
      "user": 5,
      "gender": "M",
      "designation": "SALES EXECUTIVE"
    }
  },
  {
    "model": "user.executive",
    "pk": 2,
    "fields": {
      "name": "Cochin Executive",
      "system_id": null,
      "mobile": "+914545454545",
      "image": "",
      "branch": 2,
      "user": 10,
      "gender": "M",
      "designation": "SALES EXECUTIVE"
    }
  },
  {
    "model": "user.executive",
    "pk": 3,
    "fields": {
      "name": "Kannur Executive",
      "system_id": null,
      "mobile": null,
      "image": "",
      "branch": 3,
      "user": 15,
      "gender": "M",
      "designation": "SALES EXECUTIVE"
    }
  },
  {
    "model": "user.executive",
    "pk": 4,
    "fields": {
      "name": "Jerin",
      "system_id": null,
      "mobile": "+919446600863",
      "image": "",
      "branch": 2,
      "user": 23,
      "gender": "M",
      "designation": "SALES EXECUTIVE"
    }
  },
  {
    "model": "user.executive",
    "pk": 5,
    "fields": {
      "name": "some name",
      "system_id": "asd",
      "mobile": "+919639639630",
      "image": "",
      "branch": 1,
      "user": 24,
      "gender": "M",
      "designation": "SENIOR SALES EXECUTIVE"
    }
  },
  {
    "model": "user.receptionist",
    "pk": 1,
    "fields": {
      "name": "Trivandrum Receptionist",
      "system_id": null,
      "mobile": null,
      "image": "",
      "branch": 1,
      "user": 4,
      "gender": "M"
    }
  },
  {
    "model": "user.receptionist",
    "pk": 2,
    "fields": {
      "name": "Cochin Receptionist",
      "system_id": null,
      "mobile": "+919191919191",
      "image": "",
      "branch": 2,
      "user": 9,
      "gender": "F"
    }
  },
  {
    "model": "user.receptionist",
    "pk": 3,
    "fields": {
      "name": "Kannur Receptionist",
      "system_id": null,
      "mobile": null,
      "image": "",
      "branch": 3,
      "user": 14,
      "gender": "M"
    }
  },
  {
    "model": "user.dealer",
    "pk": 1,
    "fields": {
      "name": "Trivandrum Dealer",
      "system_id": null,
      "mobile": "+919568975485",
      "image": "",
      "branch": 1,
      "user": 6,
      "address": "asdf sdfs gxd bcfv",
      "place": "Thiruvananthapuram",
      "route": 2,
      "gst_uin": null,
      "executive": [
        1
      ]
    }
  },
  {
    "model": "user.dealer",
    "pk": 2,
    "fields": {
      "name": "Cochin Dealer",
      "system_id": null,
      "mobile": "+918855669958",
      "image": "",
      "branch": 2,
      "user": 11,
      "address": "adasdasd",
      "place": "Malappuram",
      "route": 2,
      "gst_uin": null,
      "executive": [
        3,
        2,
        5,
        1,
        4
      ]
    }
  },
  {
    "model": "user.dealer",
    "pk": 3,
    "fields": {
      "name": "JERIN K JOHN",
      "system_id": null,
      "mobile": "+919446600860",
      "image": "",
      "branch": 3,
      "user": 16,
      "address": "Kachirackal House\r\nVennikulam P O",
      "place": "Thrissur",
      "route": 2,
      "gst_uin": null,
      "executive": [
        3
      ]
    }
  },
  {
    "model": "user.dealer",
    "pk": 4,
    "fields": {
      "name": "Trivandrum 02",
      "system_id": "789654",
      "mobile": "+919539605605",
      "image": "",
      "branch": 1,
      "user": null,
      "address": "Kachirackal House\r\nVennikulam P O",
      "place": "Kochi",
      "route": null,
      "gst_uin": null,
      "executive": []
    }
  },
  {
    "model": "user.dealer",
    "pk": 5,
    "fields": {
      "name": "Second Trivandrum Dealer",
      "system_id": null,
      "mobile": "+919446600222",
      "image": "",
      "branch": 1,
      "user": null,
      "address": "Kachirackal House\r\nVennikulam P O",
      "place": "Kochi",
      "route": null,
      "gst_uin": null,
      "executive": []
    }
  },
  {
    "model": "user.dealer",
    "pk": 6,
    "fields": {
      "name": "Second Trivandrum Dealer",
      "system_id": null,
      "mobile": "+919446600210",
      "image": "",
      "branch": 1,
      "user": null,
      "address": "Kachirackal House\r\nVennikulam P O",
      "place": "Kochi",
      "route": null,
      "gst_uin": null,
      "executive": []
    }
  },
  {
    "model": "user.dealer",
    "pk": 7,
    "fields": {
      "name": "Second Trivandrum Dealer",
      "system_id": null,
      "mobile": "+919446600211",
      "image": "",
      "branch": 1,
      "user": null,
      "address": "Kachirackal House\r\nVennikulam P O",
      "place": "Kochi",
      "route": null,
      "gst_uin": null,
      "executive": []
    }
  },
  {
    "model": "user.dealer",
    "pk": 13,
    "fields": {
      "name": "Second Trivandrum Dealer",
      "system_id": null,
      "mobile": "+919446600212",
      "image": "",
      "branch": 1,
      "user": null,
      "address": "Kachirackal House\r\nVennikulam P O",
      "place": "Kochi",
      "route": null,
      "gst_uin": null,
      "executive": []
    }
  },
  {
    "model": "user.manufacture",
    "pk": 1,
    "fields": {
      "name": "test manufacture",
      "system_id": "123",
      "mobile": "+919879586965",
      "image": ""
    }
  },
  {
    "model": "user.manufacture",
    "pk": 2,
    "fields": {
      "name": "JERIN K JOHN",
      "system_id": "AAH1123",
      "mobile": "+916666666666",
      "image": ""
    }
  },
  {
    "model": "infrastructure.branch",
    "pk": 1,
    "fields": {
      "name": "Trivandrum Branch",
      "system_id": null,
      "mobile": "+919869856856",
      "image": ""
    }
  },
  {
    "model": "infrastructure.branch",
    "pk": 2,
    "fields": {
      "name": "Cochin Branch",
      "system_id": null,
      "mobile": null,
      "image": ""
    }
  },
  {
    "model": "infrastructure.branch",
    "pk": 3,
    "fields": {
      "name": "Kannur Branch",
      "system_id": null,
      "mobile": null,
      "image": ""
    }
  },
  {
    "model": "infrastructure.branch",
    "pk": 4,
    "fields": {
      "name": "New Test Branch",
      "system_id": "ASD114",
      "mobile": "+919497270863",
      "image": "profile-images/newtestbranch-image_processing20191009-26687-1o8a0f1.gif"
    }
  },
  {
    "model": "infrastructure.warehouse",
    "pk": 1,
    "fields": {
      "name": "Trivandrum Warehouse",
      "system_id": null,
      "mobile": "+919539605605",
      "image": "",
      "branch": 1,
      "structure": 15
    }
  },
  {
    "model": "infrastructure.warehouse",
    "pk": 2,
    "fields": {
      "name": "Cochin Warehouse",
      "system_id": null,
      "mobile": "+919998886665",
      "image": "",
      "branch": 2,
      "structure": 1
    }
  },
  {
    "model": "infrastructure.warehouse",
    "pk": 3,
    "fields": {
      "name": "Kannur Warehouse",
      "system_id": null,
      "mobile": "+919856958690",
      "image": "",
      "branch": 3,
      "structure": 14
    }
  },
  {
    "model": "infrastructure.route",
    "pk": 1,
    "fields": {
      "name": "Alappy"
    }
  },
  {
    "model": "infrastructure.route",
    "pk": 2,
    "fields": {
      "name": "trissur"
    }
  },
  {
    "model": "infrastructure.structure",
    "pk": 1,
    "fields": {
      "path": "0001",
      "depth": 1,
      "numchild": 2,
      "name": "Cochin Warehouse",
      "storage_capacity": 0
    }
  },
  {
    "model": "infrastructure.structure",
    "pk": 2,
    "fields": {
      "path": "00010001",
      "depth": 2,
      "numchild": 5,
      "name": "Zone 01",
      "storage_capacity": 10
    }
  },
  {
    "model": "infrastructure.structure",
    "pk": 3,
    "fields": {
      "path": "00010003",
      "depth": 2,
      "numchild": 3,
      "name": "Zone 02",
      "storage_capacity": 1000
    }
  },
  {
    "model": "infrastructure.structure",
    "pk": 4,
    "fields": {
      "path": "000100010001",
      "depth": 3,
      "numchild": 2,
      "name": "Rack 11",
      "storage_capacity": 0
    }
  },
  {
    "model": "infrastructure.structure",
    "pk": 5,
    "fields": {
      "path": "000100010003",
      "depth": 3,
      "numchild": 0,
      "name": "Rack 12",
      "storage_capacity": 0
    }
  },
  {
    "model": "infrastructure.structure",
    "pk": 6,
    "fields": {
      "path": "000100010006",
      "depth": 3,
      "numchild": 0,
      "name": "Rack 15",
      "storage_capacity": 0
    }
  },
  {
    "model": "infrastructure.structure",
    "pk": 7,
    "fields": {
      "path": "000100010005",
      "depth": 3,
      "numchild": 0,
      "name": "Rack 14",
      "storage_capacity": 0
    }
  },
  {
    "model": "infrastructure.structure",
    "pk": 8,
    "fields": {
      "path": "000100010004",
      "depth": 3,
      "numchild": 0,
      "name": "Rack 13",
      "storage_capacity": 0
    }
  },
  {
    "model": "infrastructure.structure",
    "pk": 9,
    "fields": {
      "path": "000100030004",
      "depth": 3,
      "numchild": 0,
      "name": "Rack 22",
      "storage_capacity": 0
    }
  },
  {
    "model": "infrastructure.structure",
    "pk": 10,
    "fields": {
      "path": "000100030003",
      "depth": 3,
      "numchild": 0,
      "name": "Rack 21",
      "storage_capacity": 0
    }
  },
  {
    "model": "infrastructure.structure",
    "pk": 11,
    "fields": {
      "path": "000100030005",
      "depth": 3,
      "numchild": 0,
      "name": "Rack 23",
      "storage_capacity": 0
    }
  },
  {
    "model": "infrastructure.structure",
    "pk": 12,
    "fields": {
      "path": "0001000100010001",
      "depth": 4,
      "numchild": 0,
      "name": "Section 11A",
      "storage_capacity": 0
    }
  },
  {
    "model": "infrastructure.structure",
    "pk": 13,
    "fields": {
      "path": "0001000100010002",
      "depth": 4,
      "numchild": 0,
      "name": "Section 11B",
      "storage_capacity": 0
    }
  },
  {
    "model": "infrastructure.structure",
    "pk": 14,
    "fields": {
      "path": "0002",
      "depth": 1,
      "numchild": 0,
      "name": "Kannur Warehouse",
      "storage_capacity": 0
    }
  },
  {
    "model": "infrastructure.structure",
    "pk": 15,
    "fields": {
      "path": "0003",
      "depth": 1,
      "numchild": 0,
      "name": "Trivandrum Warehouse",
      "storage_capacity": 0
    }
  },
  {
    "model": "executivetracking.district",
    "pk": 1,
    "fields": {
      "name": "Thiruvananthapuram",
      "short_code": "TVM",
      "branch": 1
    }
  },
  {
    "model": "executivetracking.district",
    "pk": 2,
    "fields": {
      "name": "Kollam",
      "short_code": "KLM",
      "branch": 1
    }
  },
  {
    "model": "executivetracking.district",
    "pk": 3,
    "fields": {
      "name": "Alappuzha",
      "short_code": "AL",
      "branch": 2
    }
  },
  {
    "model": "executivetracking.district",
    "pk": 4,
    "fields": {
      "name": "Pathanamthitta",
      "short_code": "PTA",
      "branch": 2
    }
  },
  {
    "model": "executivetracking.district",
    "pk": 5,
    "fields": {
      "name": "Kottayam",
      "short_code": "KTYM",
      "branch": 2
    }
  },
  {
    "model": "executivetracking.district",
    "pk": 6,
    "fields": {
      "name": "Idukki",
      "short_code": "IDK",
      "branch": 2
    }
  },
  {
    "model": "executivetracking.district",
    "pk": 7,
    "fields": {
      "name": "Ernakulam",
      "short_code": "EKM",
      "branch": 2
    }
  },
  {
    "model": "executivetracking.district",
    "pk": 8,
    "fields": {
      "name": "Thrissur",
      "short_code": "TCR",
      "branch": 2
    }
  },
  {
    "model": "executivetracking.lead",
    "pk": 130,
    "fields": {
      "name": "Trivandrum Dealer",
      "address": null,
      "mobile": null,
      "place": null,
      "dealer_account": 1,
      "executive": 1,
      "location": null,
      "is_removed": false,
      "shared_from": null,
      "lead_type": "Dealer"
    }
  },
  {
    "model": "executivetracking.lead",
    "pk": 131,
    "fields": {
      "name": "Trivandrum Dealer",
      "address": null,
      "mobile": null,
      "place": null,
      "dealer_account": 1,
      "executive": 3,
      "location": null,
      "is_removed": true,
      "shared_from": null,
      "lead_type": "Dealer"
    }
  },
  {
    "model": "executivetracking.lead",
    "pk": 132,
    "fields": {
      "name": "Trivandrum Dealer",
      "address": null,
      "mobile": null,
      "place": null,
      "dealer_account": 1,
      "executive": 2,
      "location": null,
      "is_removed": true,
      "shared_from": null,
      "lead_type": "Dealer"
    }
  },
  {
    "model": "executivetracking.lead",
    "pk": 133,
    "fields": {
      "name": "Trivandrum Dealer",
      "address": null,
      "mobile": null,
      "place": null,
      "dealer_account": 1,
      "executive": 4,
      "location": null,
      "is_removed": true,
      "shared_from": null,
      "lead_type": "Dealer"
    }
  },
  {
    "model": "executivetracking.lead",
    "pk": 134,
    "fields": {
      "name": "Trivandrum Dealer",
      "address": null,
      "mobile": null,
      "place": null,
      "dealer_account": 1,
      "executive": 5,
      "location": null,
      "is_removed": true,
      "shared_from": null,
      "lead_type": "Dealer"
    }
  },
  {
    "model": "executivetracking.lead",
    "pk": 135,
    "fields": {
      "name": "Cochin Dealer",
      "address": "adasdasd",
      "mobile": "+918855669958",
      "place": "Malappuram",
      "dealer_account": 2,
      "executive": 1,
      "location": null,
      "is_removed": false,
      "shared_from": null,
      "lead_type": "Dealer"
    }
  },
  {
    "model": "executivetracking.lead",
    "pk": 136,
    "fields": {
      "name": "Cochin Dealer",
      "address": "adasdasd",
      "mobile": "+918855669958",
      "place": "Malappuram",
      "dealer_account": 2,
      "executive": 3,
      "location": null,
      "is_removed": false,
      "shared_from": null,
      "lead_type": "Dealer"
    }
  },
  {
    "model": "executivetracking.lead",
    "pk": 137,
    "fields": {
      "name": "Cochin Dealer",
      "address": "adasdasd",
      "mobile": "+918855669958",
      "place": "Malappuram",
      "dealer_account": 2,
      "executive": 2,
      "location": null,
      "is_removed": false,
      "shared_from": null,
      "lead_type": "Dealer"
    }
  },
  {
    "model": "executivetracking.lead",
    "pk": 138,
    "fields": {
      "name": "Cochin Dealer",
      "address": "adasdasd",
      "mobile": "+918855669958",
      "place": "Malappuram",
      "dealer_account": 2,
      "executive": 4,
      "location": null,
      "is_removed": false,
      "shared_from": null,
      "lead_type": "Dealer"
    }
  },
  {
    "model": "executivetracking.lead",
    "pk": 139,
    "fields": {
      "name": "Cochin Dealer",
      "address": "adasdasd",
      "mobile": "+918855669958",
      "place": "Malappuram",
      "dealer_account": 2,
      "executive": 5,
      "location": null,
      "is_removed": false,
      "shared_from": null,
      "lead_type": "Dealer"
    }
  },
  {
    "model": "executivetracking.lead",
    "pk": 140,
    "fields": {
      "name": "Kannur Dealer",
      "address": null,
      "mobile": null,
      "place": null,
      "dealer_account": 3,
      "executive": 1,
      "location": null,
      "is_removed": true,
      "shared_from": null,
      "lead_type": "Dealer"
    }
  },
  {
    "model": "executivetracking.lead",
    "pk": 141,
    "fields": {
      "name": "JERIN K JOHN",
      "address": "Kachirackal House\r\nVennikulam P O",
      "mobile": "+919446600860",
      "place": "Thrissur",
      "dealer_account": 3,
      "executive": 3,
      "location": null,
      "is_removed": false,
      "shared_from": null,
      "lead_type": "Dealer"
    }
  },
  {
    "model": "executivetracking.lead",
    "pk": 142,
    "fields": {
      "name": "Kannur Dealer",
      "address": null,
      "mobile": null,
      "place": null,
      "dealer_account": 3,
      "executive": 2,
      "location": null,
      "is_removed": true,
      "shared_from": null,
      "lead_type": "Dealer"
    }
  },
  {
    "model": "executivetracking.lead",
    "pk": 143,
    "fields": {
      "name": "Kannur Dealer",
      "address": null,
      "mobile": null,
      "place": null,
      "dealer_account": 3,
      "executive": 4,
      "location": null,
      "is_removed": true,
      "shared_from": null,
      "lead_type": "Dealer"
    }
  },
  {
    "model": "executivetracking.lead",
    "pk": 144,
    "fields": {
      "name": "Kannur Dealer",
      "address": null,
      "mobile": null,
      "place": null,
      "dealer_account": 3,
      "executive": 5,
      "location": null,
      "is_removed": true,
      "shared_from": null,
      "lead_type": "Dealer"
    }
  },
  {
    "model": "executivetracking.lead",
    "pk": 145,
    "fields": {
      "name": "Trivandrum 02",
      "address": "Kachirackal House\r\nVennikulam P O",
      "mobile": "+919539605605",
      "place": "Kochi",
      "dealer_account": 4,
      "executive": 1,
      "location": null,
      "is_removed": true,
      "shared_from": null,
      "lead_type": "Dealer"
    }
  },
  {
    "model": "executivetracking.lead",
    "pk": 146,
    "fields": {
      "name": "Trivandrum 02",
      "address": "Kachirackal House\r\nVennikulam P O",
      "mobile": "+919539605605",
      "place": "Kochi",
      "dealer_account": 4,
      "executive": 3,
      "location": null,
      "is_removed": true,
      "shared_from": null,
      "lead_type": "Dealer"
    }
  },
  {
    "model": "executivetracking.lead",
    "pk": 147,
    "fields": {
      "name": "Trivandrum 02",
      "address": "Kachirackal House\r\nVennikulam P O",
      "mobile": "+919539605605",
      "place": "Kochi",
      "dealer_account": 4,
      "executive": 2,
      "location": null,
      "is_removed": true,
      "shared_from": null,
      "lead_type": "Dealer"
    }
  },
  {
    "model": "executivetracking.lead",
    "pk": 148,
    "fields": {
      "name": "Trivandrum 02",
      "address": "Kachirackal House\r\nVennikulam P O",
      "mobile": "+919539605605",
      "place": "Kochi",
      "dealer_account": 4,
      "executive": 4,
      "location": null,
      "is_removed": true,
      "shared_from": null,
      "lead_type": "Dealer"
    }
  },
  {
    "model": "executivetracking.lead",
    "pk": 149,
    "fields": {
      "name": "Trivandrum 02",
      "address": "Kachirackal House\r\nVennikulam P O",
      "mobile": "+919539605605",
      "place": "Kochi",
      "dealer_account": 4,
      "executive": 5,
      "location": null,
      "is_removed": true,
      "shared_from": null,
      "lead_type": "Dealer"
    }
  },
  {
    "model": "executivetracking.lead",
    "pk": 150,
    "fields": {
      "name": "Second Trivandrum Dealer",
      "address": "Kachirackal House\r\nVennikulam P O",
      "mobile": "+919446600222",
      "place": "Kochi",
      "dealer_account": 5,
      "executive": 1,
      "location": null,
      "is_removed": true,
      "shared_from": null,
      "lead_type": "Dealer"
    }
  },
  {
    "model": "executivetracking.lead",
    "pk": 151,
    "fields": {
      "name": "Second Trivandrum Dealer",
      "address": "Kachirackal House\r\nVennikulam P O",
      "mobile": "+919446600222",
      "place": "Kochi",
      "dealer_account": 5,
      "executive": 3,
      "location": null,
      "is_removed": true,
      "shared_from": null,
      "lead_type": "Dealer"
    }
  },
  {
    "model": "executivetracking.lead",
    "pk": 152,
    "fields": {
      "name": "Second Trivandrum Dealer",
      "address": "Kachirackal House\r\nVennikulam P O",
      "mobile": "+919446600222",
      "place": "Kochi",
      "dealer_account": 5,
      "executive": 2,
      "location": null,
      "is_removed": true,
      "shared_from": null,
      "lead_type": "Dealer"
    }
  },
  {
    "model": "executivetracking.lead",
    "pk": 153,
    "fields": {
      "name": "Second Trivandrum Dealer",
      "address": "Kachirackal House\r\nVennikulam P O",
      "mobile": "+919446600222",
      "place": "Kochi",
      "dealer_account": 5,
      "executive": 4,
      "location": null,
      "is_removed": true,
      "shared_from": null,
      "lead_type": "Dealer"
    }
  },
  {
    "model": "executivetracking.lead",
    "pk": 154,
    "fields": {
      "name": "Second Trivandrum Dealer",
      "address": "Kachirackal House\r\nVennikulam P O",
      "mobile": "+919446600222",
      "place": "Kochi",
      "dealer_account": 5,
      "executive": 5,
      "location": null,
      "is_removed": true,
      "shared_from": null,
      "lead_type": "Dealer"
    }
  },
  {
    "model": "executivetracking.lead",
    "pk": 155,
    "fields": {
      "name": "Second Trivandrum Dealer",
      "address": "Kachirackal House\r\nVennikulam P O",
      "mobile": "+919446600210",
      "place": "Kochi",
      "dealer_account": 6,
      "executive": 1,
      "location": null,
      "is_removed": true,
      "shared_from": null,
      "lead_type": "Dealer"
    }
  },
  {
    "model": "executivetracking.lead",
    "pk": 156,
    "fields": {
      "name": "Second Trivandrum Dealer",
      "address": "Kachirackal House\r\nVennikulam P O",
      "mobile": "+919446600210",
      "place": "Kochi",
      "dealer_account": 6,
      "executive": 3,
      "location": null,
      "is_removed": true,
      "shared_from": null,
      "lead_type": "Dealer"
    }
  },
  {
    "model": "executivetracking.lead",
    "pk": 157,
    "fields": {
      "name": "Second Trivandrum Dealer",
      "address": "Kachirackal House\r\nVennikulam P O",
      "mobile": "+919446600210",
      "place": "Kochi",
      "dealer_account": 6,
      "executive": 2,
      "location": null,
      "is_removed": true,
      "shared_from": null,
      "lead_type": "Dealer"
    }
  },
  {
    "model": "executivetracking.lead",
    "pk": 158,
    "fields": {
      "name": "Second Trivandrum Dealer",
      "address": "Kachirackal House\r\nVennikulam P O",
      "mobile": "+919446600210",
      "place": "Kochi",
      "dealer_account": 6,
      "executive": 4,
      "location": null,
      "is_removed": true,
      "shared_from": null,
      "lead_type": "Dealer"
    }
  },
  {
    "model": "executivetracking.lead",
    "pk": 159,
    "fields": {
      "name": "Second Trivandrum Dealer",
      "address": "Kachirackal House\r\nVennikulam P O",
      "mobile": "+919446600210",
      "place": "Kochi",
      "dealer_account": 6,
      "executive": 5,
      "location": null,
      "is_removed": true,
      "shared_from": null,
      "lead_type": "Dealer"
    }
  },
  {
    "model": "executivetracking.lead",
    "pk": 160,
    "fields": {
      "name": "Second Trivandrum Dealer",
      "address": "Kachirackal House\r\nVennikulam P O",
      "mobile": "+919446600211",
      "place": "Kochi",
      "dealer_account": 7,
      "executive": 1,
      "location": null,
      "is_removed": true,
      "shared_from": null,
      "lead_type": "Dealer"
    }
  },
  {
    "model": "executivetracking.lead",
    "pk": 161,
    "fields": {
      "name": "Second Trivandrum Dealer",
      "address": "Kachirackal House\r\nVennikulam P O",
      "mobile": "+919446600211",
      "place": "Kochi",
      "dealer_account": 7,
      "executive": 3,
      "location": null,
      "is_removed": true,
      "shared_from": null,
      "lead_type": "Dealer"
    }
  },
  {
    "model": "executivetracking.lead",
    "pk": 162,
    "fields": {
      "name": "Second Trivandrum Dealer",
      "address": "Kachirackal House\r\nVennikulam P O",
      "mobile": "+919446600211",
      "place": "Kochi",
      "dealer_account": 7,
      "executive": 2,
      "location": null,
      "is_removed": true,
      "shared_from": null,
      "lead_type": "Dealer"
    }
  },
  {
    "model": "executivetracking.lead",
    "pk": 163,
    "fields": {
      "name": "Second Trivandrum Dealer",
      "address": "Kachirackal House\r\nVennikulam P O",
      "mobile": "+919446600211",
      "place": "Kochi",
      "dealer_account": 7,
      "executive": 4,
      "location": null,
      "is_removed": true,
      "shared_from": null,
      "lead_type": "Dealer"
    }
  },
  {
    "model": "executivetracking.lead",
    "pk": 164,
    "fields": {
      "name": "Second Trivandrum Dealer",
      "address": "Kachirackal House\r\nVennikulam P O",
      "mobile": "+919446600211",
      "place": "Kochi",
      "dealer_account": 7,
      "executive": 5,
      "location": null,
      "is_removed": true,
      "shared_from": null,
      "lead_type": "Dealer"
    }
  },
  {
    "model": "executivetracking.lead",
    "pk": 165,
    "fields": {
      "name": "Second Trivandrum Dealer",
      "address": "Kachirackal House\r\nVennikulam P O",
      "mobile": "+919446600212",
      "place": "Kochi",
      "dealer_account": 13,
      "executive": 1,
      "location": null,
      "is_removed": true,
      "shared_from": null,
      "lead_type": "Dealer"
    }
  },
  {
    "model": "executivetracking.lead",
    "pk": 166,
    "fields": {
      "name": "Second Trivandrum Dealer",
      "address": "Kachirackal House\r\nVennikulam P O",
      "mobile": "+919446600212",
      "place": "Kochi",
      "dealer_account": 13,
      "executive": 3,
      "location": null,
      "is_removed": true,
      "shared_from": null,
      "lead_type": "Dealer"
    }
  },
  {
    "model": "executivetracking.lead",
    "pk": 167,
    "fields": {
      "name": "Second Trivandrum Dealer",
      "address": "Kachirackal House\r\nVennikulam P O",
      "mobile": "+919446600212",
      "place": "Kochi",
      "dealer_account": 13,
      "executive": 2,
      "location": null,
      "is_removed": true,
      "shared_from": null,
      "lead_type": "Dealer"
    }
  },
  {
    "model": "executivetracking.lead",
    "pk": 168,
    "fields": {
      "name": "Second Trivandrum Dealer",
      "address": "Kachirackal House\r\nVennikulam P O",
      "mobile": "+919446600212",
      "place": "Kochi",
      "dealer_account": 13,
      "executive": 4,
      "location": null,
      "is_removed": true,
      "shared_from": null,
      "lead_type": "Dealer"
    }
  },
  {
    "model": "executivetracking.lead",
    "pk": 169,
    "fields": {
      "name": "Second Trivandrum Dealer",
      "address": "Kachirackal House\r\nVennikulam P O",
      "mobile": "+919446600212",
      "place": "Kochi",
      "dealer_account": 13,
      "executive": 5,
      "location": null,
      "is_removed": true,
      "shared_from": null,
      "lead_type": "Dealer"
    }
  },
  {
    "model": "executivetracking.lead",
    "pk": 171,
    "fields": {
      "name": "New Lead",
      "address": "Address",
      "mobile": "+919856966322",
      "place": "Pathnamthitta",
      "dealer_account": null,
      "executive": 4,
      "location": "SRID=4326;POINT (76.2890625 11.52308750686851)",
      "is_removed": false,
      "shared_from": null,
      "lead_type": "Lead"
    }
  },
  {
    "model": "executivetracking.checkinday",
    "pk": 1,
    "fields": {
      "check_in_at": "2021-03-04T05:20:36Z",
      "location": "SRID=4326;POINT (77.52227783203122 8.1068173011433)",
      "location_text": "TEst location data",
      "device_name": "REALME 51",
      "device_id": "9834e79w8ayr87aw3tr487qa2",
      "battery_percentage": null,
      "executive": 1
    }
  },
  {
    "model": "executivetracking.checkinday",
    "pk": 2,
    "fields": {
      "check_in_at": "2021-03-17T06:08:57Z",
      "location": "SRID=4326;POINT (4.713708589670861 50.87586445599948)",
      "location_text": "0101000020E6100000E40AAE6CD6DA1240941F95531C704940",
      "device_name": "0101000020E6100000E40AAE6CD6DA1240941F95531C704940",
      "device_id": "0101000020E6100000E40AAE6CD6DA1240941F95531C704940",
      "battery_percentage": null,
      "executive": 4
    }
  },
  {
    "model": "executivetracking.checkpoint",
    "pk": 6,
    "fields": {
      "store": 165,
      "check_in_at": "2021-03-12T11:13:32Z",
      "check_out_at": "2021-03-12T12:13:33Z",
      "description": "Lorem ipsum dolor sit amet, consectetur adipiscing elit, sed do eiusmod tempor incididunt ut labore et dolore magna aliqua. Ut enim ad minim veniam, quis nostrud exercitation ullamco laboris nisi ut aliquip ex ea commodo consequat. Duis aute irure dolor in reprehenderit in voluptate velit esse cillum dolore eu fugiat nulla pariatur. Excepteur sint occaecat cupidatat non proident, sunt in culpa qui officia deserunt mollit anim id est laborum.\r\nLorem ipsum dolor sit amet, consectetur adipiscing elit, sed do eiusmod tempor incididunt ut labore et dolore magna aliqua. Ut enim ad minim veniam, quis nostrud exercitation ullamco laboris nisi ut aliquip ex ea commodo consequat. Duis aute irure dolor in reprehenderit in voluptate velit esse cillum dolore eu fugiat nulla pariatur. Excepteur sint occaecat cupidatat non proident, sunt in culpa qui officia deserunt mollit anim id est laborum.\r\nLorem ipsum dolor sit amet, consectetur adipiscing elit, sed do eiusmod tempor incididunt ut labore et dolore magna aliqua. Ut enim ad minim veniam, quis nostrud exercitation ullamco laboris nisi ut aliquip ex ea commodo consequat. Duis aute irure dolor in reprehenderit in voluptate velit esse cillum dolore eu fugiat nulla pariatur. Excepteur sint occaecat cupidatat non proident, sunt in culpa qui officia deserunt mollit anim id est laborum.\r\nLorem ipsum dolor sit amet, consectetur adipiscing elit, sed do eiusmod tempor incididunt ut labore et dolore magna aliqua. Ut enim ad minim veniam, quis nostrud exercitation ullamco laboris nisi ut aliquip ex ea commodo consequat. Duis aute irure dolor in reprehenderit in voluptate velit esse cillum dolore eu fugiat nulla pariatur. Excepteur sint occaecat cupidatat non proident, sunt in culpa qui officia deserunt mollit anim id est laborum.\r\nLorem ipsum dolor sit amet, consectetur adipiscing elit, sed do eiusmod tempor incididunt ut labore et dolore magna aliqua. Ut enim ad minim veniam, quis nostrud exercitation ullamco laboris nisi ut aliquip ex ea commodo consequat. Duis aute irure dolor in reprehenderit in voluptate velit esse cillum dolore eu fugiat nulla pariatur. Excepteur sint occaecat cupidatat non proident, sunt in culpa qui officia deserunt mollit anim id est laborum.",
      "location": "SRID=4326;POINT (77.47173517294064 8.610837816483969)",
      "file": "executive-check-point-recordings/audioDescription_UfBYQCo.m4a",
      "location_text": "TN Border",
      "device_name": "HP Intel Desktop",
      "device_id": "UBUNTU",
      "battery_percentage": null
    }
  },
  {
    "model": "executivetracking.checkpoint",
    "pk": 7,
    "fields": {
      "store": 165,
      "check_in_at": "2021-03-12T11:13:18Z",
      "check_out_at": "2021-03-12T12:13:20Z",
      "description": "UBUNTU 24",
      "location": "SRID=4326;POINT (76.59263823055277 11.90845015581616)",
      "file": "executive-check-point-recordings/sample1.aac",
      "location_text": "aaaaaaaasd vasd asd as d asd asdasd asd asd",
      "device_name": "HP Intel Desktop",
      "device_id": "UBUNTU 24",
      "battery_percentage": null
    }
  },
  {
    "model": "executivetracking.checkpoint",
    "pk": 8,
    "fields": {
      "store": 168,
      "check_in_at": "2021-03-12T06:15:19Z",
      "check_out_at": "2021-03-12T07:00:03Z",
      "description": "",
      "location": "SRID=4326;POINT (76.48956298828124 9.135995094088255)",
      "file": "",
      "location_text": "TEXTS",
      "device_name": "TEXTS",
      "device_id": "TEXTS",
      "battery_percentage": 10
    }
  },
  {
    "model": "executivetracking.checkpoint",
    "pk": 9,
    "fields": {
      "store": 168,
      "check_in_at": "2021-03-12T09:25:22Z",
      "check_out_at": null,
      "description": "",
      "location": "SRID=4326;POINT (75.78918457031247 11.38580175873337)",
      "file": "",
      "location_text": "TESTS",
      "device_name": "TESTS",
      "device_id": "TESTS",
      "battery_percentage": 59
    }
  },
  {
    "model": "executivetracking.checkpoint",
    "pk": 10,
    "fields": {
      "store": 171,
      "check_in_at": "2021-03-17T06:09:06Z",
      "check_out_at": "2021-03-17T13:41:07Z",
      "description": "",
      "location": "SRID=4326;POINT (76.91528320312499 9.627829978728199)",
      "file": "",
      "location_text": "TESTS",
      "device_name": "TESTS",
      "device_id": "TESTS",
      "battery_percentage": 99
    }
  }
]